3982^夏季工作服t恤定制polo衫刺绣工衣团队厂服装订做文化短袖印logo^1057,439,736^B009EJN4T2^https://img.alicdn.com/imgextra/i2/2396481030/O1CN01UCaP8C1JTmdmmiJxY_!!2396481030.jpg_430x430q90.jpg^男士短袖^男装|不褪色|不变形|不起球
6797^三分妄想原神cos服枫原万叶cosplay男装日常卫衣同人cos服装男c服^222,621,691^B002TKLK0S^https://img.alicdn.com/imgextra/i2/2210641168088/O1CN01a82sOu29cM7ZSpahn_!!0-item_pic.jpg_430x430q90.jpg^男士卫衣^男装|动漫|角色扮演
8195^木林森纯棉男士短袖t恤潮牌流2022新款男生上衣服装夏季天白色体^1057,268,902^B004W5MVL0^https://img.alicdn.com/imgextra/i2/3173051986/O1CN01v4sJAR1QXdKu1yA5L_!!3173051986.jpg_430x430q90.jpg^男士短袖^男装|纯棉|木林森|立体裁剪上身有型|面料柔软亲肤舒适
13316^夏季冰丝短袖T恤男士薄款网眼速干半袖体恤运动休闲冰感上衣服装^1057,268,378^B003TJ99M4^https://img.alicdn.com/imgextra/https://img.alicdn.com/imgextra/i2/2209324872253/O1CN01GfHPIO1SVv5Iov4GR_!!2209324872253-0-scmitem176000.jpg_430x430q90.jpg^冰丝短袖^衣服|轻薄|冰丝|青春流行
13543^中国新弹力纯棉特种兵退伍迷彩服一套装男正版军迷衬衣服装工作服^832,519,402^B0047Y19CI^https://gd1.alicdn.com/imgextra/i1/3502264105/O1CN01PPHXKR1gC8aEBYBc5_!!3502264105.jpg_400x400.jpg^男士迷彩服^男装|牛仔布|纯棉|四季通用
14103^耐克顿运动服套装女士夏季短袖两件套休闲宽松大码跑步健身服装女^1057,268,902^B007WTAJTO^https://img.alicdn.com/imgextra/i4/1692585968/O1CN01O1IERR1txOT29NkcF_!!1692585968.jpg_400x400.jpg^女士短袖^女装|休闲装|耐克顿|舒适
21643^2022春季秋冬新款休闲薄款女士时尚运动套装广场舞服装曳步舞跳舞^916,502,352^B0010MBKHO^https://img.alicdn.com/imgextra/https://img.alicdn.com/imgextra/i4/2206435537358/O1CN01J2BUud24E0x6dwa6n_!!2206435537358.jpg_430x430q90.jpg^女士休闲装^女装|休闲装|支持定制图案LOGO
32512^啄木鸟纯棉白色短袖t恤女士夏季2022年新款宽松上衣服装半袖体恤^933,833,289^B001GNBOTG^https://gd1.alicdn.com/imgextra/i1/0/O1CN01d7jN5H1FGiw5FTs6r_!!0-item_pic.jpg_400x400.jpg^女士短袖^女装|纯棉|穿搭具有时尚美感
33864^参加婚礼女装大码穿搭2022春季裙子订婚女士服装仙女裙胖MM连衣裙^1057,268,378^B003STDEG2^https://gd3.alicdn.com/imgextra/i3/2363573771/O1CN01BtTQVr1djAEJHeKAo_!!2363573771.jpg_400x400.jpg^女士连衣裙^女装|显瘦|穿搭具有时尚美感
48907^中老年服装春秋装衣服胖妈妈大码女装200斤高贵洋气外套女士风衣^916,451,406^B001CC1VVC^https://gd2.alicdn.com/imgextra/i2/52014390/O1CN0198SoY61iIfOUYsfrc_!!52014390.jpg_400x400.jpg^女士风衣^女装|女士外套|高贵洋气
57272^休闲运动服套装女士2022夏季新款广场舞服装跳舞蹈衣服两件套跑步^832,519,402^B00AQT8SPE^https://img.alicdn.com/imgextra/i3/3573584693/O1CN019MGQjM1kXRTwTQLE3_!!3573584693.jpg_430x430q90.jpg^女士短袖^女装|时尚潮流|修身显瘦|舒适透气
62138^春秋工装冲锋衣外套男春季2022新款高领夹克潮流胖子宽松大码衣服^1057,268,814^B007S9KS26^https://img.alicdn.com/imgextra/i4/4113043565/O1CN01wjQhPN1cCofZetvlL_!!4113043565.jpg_430x430q90.jpg^男士冲锋衣^男装|冲锋衣|港风连帽外套|宽松休闲加大码|简约帅气百搭
66003^睿峰服装2022高弹力男士牛仔裤春季新款百搭裤子休闲时尚束脚裤男^1128,640,304^B003V8AK58^https://gd2.alicdn.com/imgextra/i1/2212306556331/O1CN01FzyM3Y1wdeEq01Yhq_!!2212306556331.jpg_400x400.jpg^男士牛仔裤^男装|束脚|高弹力
75701^春秋季韩版白色长袖t恤男士大码潮流上衣服装学生内搭体恤打底衫^832,151,305^B002NX0H3C^https://img.alicdn.com/imgextra/i3/2606714824/O1CN01bV3bYK1lVRFHiRF1r_!!2606714824-0-lubanu-s.jpg_430x430q90.jpg^男士打底衫^男装|时尚印花|舒适百搭|简约大方|圆领套头衫
90564^睿峰服装高弹力高品质男士冰丝休闲裤面料柔软潮裤子2022夏季薄款^832,723,221^B0011F7CXQ^https://gd2.alicdn.com/imgextra/i4/2209825952000/O1CN01lMlscH1Qe2saUfBH6_!!2209825952000.jpg_400x400.jpg^男士休闲裤^男装|面料柔软|轻薄|冰丝|青春流行
90897^春秋季韩版连帽卫衣外套男士大码ins潮流上衣服装情侣款风衣开衫^916,416,553^B0018LW0TE^https://img.alicdn.com/imgextra/i2/2606714824/O1CN01G7RpoI1lVRFH0TeTz_!!2606714824-0-lubanu-s.jpg_430x430q90.jpg^男士卫衣^男装|闪电发货|性价比高|售后无忧
102383^迈特优服装店《2022开春新款》男士时尚舒适休闲裤韩版^832,151,934^B003F25VPY^https://gd1.alicdn.com/imgextra/i4/2212924867490/O1CN01oo1VuK25CTHPPBQwt_!!2212924867490.jpg_400x400.jpg^男士休闲裤^男装|迈特优|舒适|显瘦
102886^日本直邮VANQUISH服装男士都市百搭休闲时尚潮流百搭加厚夹克衫^832,665,121^B0043M5BKU^https://img.alicdn.com/imgextra/i2/2201168176213/O1CN01i1VO9P1vlbPxbaCtC_!!2201168176213.jpg_430x430q90.jpg^男士夹克衫^男装|百搭|加厚
104168^莱乾服装店2022春季男士新款牛仔裤宽松直筒裤潮流百搭休闲长裤子^832,1101,1086^B00BSJVKTW^https://gd2.alicdn.com/imgextra/i1/2208359167903/O1CN01vKfuqr28Fcr6RRMBf_!!2208359167903.jpg_400x400.jpg^男士牛仔裤^男装|时尚|百搭
109236^富瑞财服装店【厂家直销】新款男士工装纯棉衬衫简约百搭不挑年龄^832,519,402^B00AE3BSSQ^https://gd1.alicdn.com/imgextra/i1/2212437801083/O1CN01EctiiT1Js3fz7IoqX_!!2212437801083.jpg_400x400.jpg^男士衬衫^男装|纯棉|简约大方|百搭
116405^英爵伦2022春季新款男装牛仔衣韩版潮流牛仔夹克男生外套春秋上衣^832,1101,1086^B0011APV4I^https://img.alicdn.com/imgextra/https://img.alicdn.com/imgextra/i1/1860270913/O1CN01dtY0c21IcC9eSgi2y_!!1860270913.jpg_430x430q90.jpg^男士牛仔衣^男装|经典牛仔款式|时尚百搭|街头休闲|加绒可选
119166^牛仔外套男阔版2021春秋新款宽松潮牌ins牛仔衣男士大码百搭夹克^1057,390,956^B00815793M^https://gd1.alicdn.com/imgextra/i4/536554111/O1CN01Mv77mD1gEsxY0xIoE_!!536554111.jpg_400x400.jpg^男士牛仔衣^男装|潮流|休闲百搭
122417^工装牛仔外套男韩版潮流秋装上衣2021年新款男士套装搭配帅气一套^832,723,396^B003YYSFRY^https://img.alicdn.com/imgextra/https://img.alicdn.com/imgextra/i4/850007502/O1CN01TvzyaS25HxuLB9f8V_!!850007502.jpg_430x430q90.jpg^男士牛仔衣^男装|网红爆款ins超火男神穿搭港风潮牌机能衣服
126767^Mmoptop2022春季新款潮流渲染牛仔夹克男士时尚百搭上衣男韩版潮^571,326,327^B0010LCZCE^https://img.alicdn.com/imgextra/i1/2204159672235/O1CN01FRzJdC1SNfwuPN4Jh_!!0-item_pic.jpg_430x430q90.jpg^男士牛仔衣^男装|款式多样|潮流|百搭
127544^羽绒服男士外套连帽潮流宽松冬装加厚港风ins学生帅气防寒面包服^916,722,171^B001CBWAR2^https://gd4.alicdn.com/imgextra/i3/2818130319/O1CN01sC2uIq1EE92rpjWVT_!!2818130319.jpg_400x400.jpg^男士羽绒服^男装|宽松|百搭|透气
138554^【雪中飞938】中长羽绒服男士新款外套连帽保暖白鸭绒服2021冬装^832,1101,1086^B003BNZV2K^https://img.alicdn.com/imgextra/i1/2616970884/O1CN018Rkecx2DNw4MvcDwI_!!0-item_pic.jpg_430x430q90.jpg^男士羽绒服^男装|青春流行|含绒量高
139060^连帽夹克男士2022春秋季新款冬装上衣韩版潮流宽松帅气棒球服外套^916,451,406^B003XCMF4Q^https://img.alicdn.com/imgextra/i4/3307164250/O1CN01RfF5aJ1hGXuDUVYt0_!!3307164250.jpg_430x430q90.jpg^男士夹克衫^男装|特色印花|连帽搭配|青春流行
145218^爱默生风语者三合一全天候夹克防风防水保暖双层夹克两件套冲锋衣^832,665,45^B0055X675Y^https://gd4.alicdn.com/imgextra/i4/181085845/O1CN01cYGlu51t33a9Abhhc_!!181085845.jpg_400x400.jpg^男士冲锋衣^男装|全场正品|达人推荐|无忧退换|修身
154318^棉衣男轻薄小棉袄冬季潮牌棉服韩版潮流宽松立领加厚外套男士冬装^916,451,406^B001LRQS3E^https://img.alicdn.com/imgextra/i1/2206447532824/O1CN013WzS9b1WjRCsGJLyL_!!0-item_pic.jpg_430x430q90.jpg^男士羽绒服^男装|青春流行|颜色多样
155001^外套男士冬装加绒加厚夹克社会人韩版帅气鹿皮绒毛领潮流保暖冬衣^222,621,521^B002TKLK58^https://img.alicdn.com/imgextra/i4/3384207929/O1CN0128RWsJHDcmLRUdZ_!!0-item_pic.jpg_430x430q90.jpg^男士夹克衫^男装|加绒加厚|保暖舒适|质量好
156103^VOLCOM钻石大牌男装高端户外冬装外套2022新款冬季男士棉衣棉服潮^832,151,305^B004IYJ320^https://img.alicdn.com/imgextra/https://img.alicdn.com/imgextra/i4/2213075277614/O1CN01AU4JB0267GOXrIWZU_!!2213075277614.jpg_430x430q90.jpg^男士棉服^男装|高端户外|青春流行
160597^裤子男士夏季牛仔裤潮牌宽松潮流百搭男款帅气束脚男生九分哈伦裤^832,519,1^B006PB4MBQ^https://img.alicdn.com/imgextra/https://img.alicdn.com/imgextra/i2/1031660535/O1CN01qlKlSr1Fp4bqmes0Q_!!1031660535.jpg_430x430q90.jpg^男士牛仔裤^男装|魔术贴束脚口设计|宽松舒适|青春流行
167781^休闲裤男士2022春夏薄款潮流宽松阔腿直筒运动男生百搭中性裤子男^1128,640,304^B00A327OPE^https://img.alicdn.com/imgextra/https://img.alicdn.com/bao/uploaded/i2/2380441317/O1CN01DTf8lf1LbEMvpXuHM_!!2380441317.jpg_430x430q90.jpg^男士休闲裤^男装|宽松|中性百搭
183418^新塘牛仔裤男春夏季薄款宽松直筒男士休闲高街潮牌九分阔腿长裤子^832,1101,1086^B00A67K0A2^https://img.alicdn.com/imgextra/https://img.alicdn.com/imgextra/i3/4046278650/O1CN01hNaymy2DlkhlRWsE1_!!4046278650.jpg_430x430q90.jpg^男士牛仔裤^男装|轻薄|青春流行|透气
183679^运动短裤男士夏季薄款潮牌潮流篮球健身五分裤子外穿沙滩休闲中裤^1128,348,1119^B00CWPIDHI^https://img.alicdn.com/imgextra/https://img.alicdn.com/imgextra/i1/2380441317/O1CN01Jddpl01LbEIVSzXqO_!!2380441317.jpg_430x430q90.jpg^男士短裤^男装|轻薄|透气
184282^裤子男士夏季薄款2022新款韩版潮流潮牌运动卫裤男生束脚休闲长裤^832,519,1^B00HJFE7F8^https://img.alicdn.com/imgextra/https://img.alicdn.com/imgextra/i2/2096579128/O1CN01LjDIst2HIg1gxhfBm_!!2096579128.jpg_430x430q90.jpg^男士休闲裤^男装|舒适|宽松|性价比高
186429^花花公子夏季牛仔裤男士薄款宽松直筒裤潮流牌ins男生阔腿长裤子^832,519,1^B004PYENZA^https://img.alicdn.com/imgextra/https://img.alicdn.com/imgextra/i4/1747630737/O1CN01uu7vEz1HJadeu834f_!!1747630737.jpg_430x430q90.jpg^男士牛仔裤^男装|宽松|百搭|playboy|发货速度快
201454^裤子男士牛仔裤宽松百搭夏季束脚裤男生休闲潮牌春秋款男款九分裤^832,1101,1086^B003YJFNME^https://img.alicdn.com/imgextra/https://img.alicdn.com/imgextra/i2/1031660535/O1CN01gsP8fU1Fp4bUUTpu0_!!1031660535.jpg_430x430q90.jpg^男士牛仔裤^男装|青春流行|发货速度快
203971^花花公子冰丝裤子男士夏季薄款ins春秋装潮牌束脚裤男生休闲长裤^832,665,45^B008JAO9Q4^https://img.alicdn.com/imgextra/https://img.alicdn.com/imgextra/i4/1747630737/O1CN01RWV4Lz1HJadURsabv_!!1747630737.jpg_430x430q90.jpg^男士休闲裤^男装|playboy|一裤可两穿
204025^运动短裤男士夏季薄款潮流宽松百搭冰丝休闲中裤潮牌男生五分裤子^832,519,1^B008NZL98G^https://img.alicdn.com/imgextra/https://img.alicdn.com/bao/uploaded/i1/3081350486/O1CN01qU3MvS1FSdA58Qc5k_!!3081350486.jpg_430x430q90.jpg^男士短裤^男装|假两件潮流|运动健身|外穿搭配|透气舒适
206404^FOG FEAR OF GOD复线ESSENTIALS小众潮牌美式宽松男士五分短裤子^832,1101,1086^B001CCSZC0^https://gd3.alicdn.com/imgextra/i4/0/O1CN01gESFlS1e0ZJtsvWnm_!!0-item_pic.jpg_400x400.jpg^男士短裤^男装|纯棉|宽松|舒适|复古风
218439^男士短裤夏季外穿速干薄款2021新款潮流宽松运动大裤衩五分直筒裤^832,723,396^B004LI9QL6^https://gd1.alicdn.com/imgextra/i4/2097989308/O1CN01t3Q5Dv2Id7FfBmjwB_!!2097989308.jpg_400x400.jpg^男士短裤^男装|精致韩风|宽松|舒适透气
228884^工装短裤男夏季薄款外穿潮牌冰丝裤子男士休闲宽松大码运动五分裤^832,1101,1086^B005DRCQZ2^https://img.alicdn.com/imgextra/https://img.alicdn.com/imgextra/i1/2380441317/O1CN01NyZ4v71LbEJDhuUjk_!!2380441317.jpg_430x430q90.jpg^男士短裤^男装|宽松|舒适|超薄
231449^大吴小吴 春季拼接条纹假两件短款休闲夹克男韩版设计感宽松外套^832,519,402^B00C9U88OE^https://gd1.alicdn.com/imgextra/i1/797886665/O1CN01L8AxcB1z6cVlLmzAF_!!797886665.jpg_400x400.jpg^男士夹克衫^男装|潮流|具有设计感|拼接条纹
250451^西服套装男修身商务休闲职业正装西装外套大学生面试伴郎新郎礼服^832,665,121^B0067WM594^https://img.alicdn.com/imgextra/https://img.alicdn.com/imgextra/i2/2207324503915/O1CN01dtuiy71en7JHmv73P_!!2207324503915.jpg_430x430q90.jpg^男士西装^男装|商务绅士|百搭|时尚帅气
253869^木林森男士休闲正装宽松英伦学院成熟西服外套2022年新款商务单西^832,1101,921^B003EIJPBK^https://img.alicdn.com/imgextra/i1/3173051986/O1CN01AZBtaT1QXdL35UL5k_!!3173051986.jpg_430x430q90.jpg^男士西装^男装|便服单西|英式学院|宽松
258451^花花公子男士外套男商务休闲职业正装修身小西装韩版新郎结婚套装^222,964,1020^B0010LCLBO^https://gd1.alicdn.com/imgextra/i2/2565640632/O1CN01qX2BJh1GXUvhSOfo1_!!2565640632.jpg_400x400.jpg^男士西装^男装|休闲|playboy|到货速度快
259637^恒源祥休闲西服男士西装修身韩版青年时尚正装春夏薄款纯色外套男^832,1101,1086^B001UVT86K^https://gd3.alicdn.com/imgextra/i1/2965272628/O1CN01Dmsz8u1VHfbo9pwEh_!!2965272628.jpg_400x400.jpg^男士西装^男装|颜色多样|休闲
260348^西服套装男士外套商务休闲春季上衣伴郎服新郎结婚职业正装小西装^832,665,285^B0032S3VEE^https://img.alicdn.com/imgextra/https://img.alicdn.com/imgextra/i1/2129444559/O1CN01iGWuSQ1jY4MtUqQz0_!!2129444559.jpg_430x430q90.jpg^男士西装^男装|青春|颜值担当|修身显瘦
275707^花花公子薄款卫衣男连帽2022春季新款套装韩版潮流男士外套春秋款^832,1101,1086^B001O2HFL0^https://img.alicdn.com/imgextra/https://img.alicdn.com/bao/uploaded/i2/2105020529/O1CN014cZILi1FmK6RKtMxc_!!2105020529.jpg_430x430q90.jpg^男士卫衣^男装|轻薄|透气|playboy|发货速度快
286997^安踏连帽卫衣2022年春季新款运动套头长袖训练跑步上衣男士针织衫^916,451,1123^B003X0BSP0^https://img.alicdn.com/imgextra/https://img.alicdn.com/imgextra/i4/385132127/O1CN01DSQIZs1RaDAVdnBKz_!!385132127.jpg_430x430q90.jpg^男士卫衣^男装|潮流|面料舒适|安踏
294209^圆领卫衣中老年运动服套装男士大码中年休闲爸爸装2022春秋季新款^832,723,221^B00CGV0XA8^https://img.alicdn.com/imgextra/i2/2019173547/O1CN01WBUi2Z1c4ZPf3vorb_!!2019173547.jpg_430x430q90.jpg^男士卫衣^男装|适合中老年人|舒适
300265^2022秋季男士长袖T恤青少年上衣服圆领韩版学生卫衣潮流套头小衫^1057,439,992^B0010LGT4E^https://img.alicdn.com/imgextra/i3/2121884051/TB2UfYrdeGSBuNjSspbXXciipXa_!!2121884051.jpg_430x430q90.jpg^男士卫衣^男装|轻薄|时尚潮流
302217^NIKE耐克官网旗舰卫衣男士2022新款夏季圆领运动服宽松上衣DM6876^916,416,553^B002M77ZB6^https://img.alicdn.com/imgextra/i4/2978259752/O1CN01nwhb0Q2LuTAH84zoq_!!0-item_pic.jpg_430x430q90.jpg^男士卫衣^男装|保暖|透气|宽松|耐克
314081^中东迪拜女士长袍连衣裙马来西亚服装开衫外套 women open abaya^832,723,221^B0051T7T7W^https://gd4.alicdn.com/imgextra/i2/2736287957/O1CN01k7Ykhr28eM5LE0xHc_!!2736287957.jpg_400x400.jpg^女士连衣裙^女装|民族风|绣花|有气质
323519^原创可爱短袖t恤女2022年夏季新款高腰露脐短款甜辣妹bm上衣ins潮^1057,439,736^B004A91ARY^https://img.alicdn.com/imgextra/i1/3328865939/O1CN01Fbm9cA1tk6ptSHJW0_!!3328865939-0-lubanu-s.jpg_430x430q90.jpg^女士短袖^女装|卡通动漫|潮流|印花
326582^春夏季2022年新款短袖T恤衫女士卡通减龄宽松设计感小众别致上衣^916,502,1025^B0010MBKA6^https://gd2.alicdn.com/imgextra/i4/2639837995/O1CN01YHrlNq28vlHaHws8E_!!2639837995.jpg_400x400.jpg^女士短袖^女装|卡通|有设计感|宽松
333125^杜鹃同款 对白气质连衣裙女神范雪纺小黑裙女士夏装新款西装长裙^832,552,892^B004CTI6VU^https://img.alicdn.com/imgextra/i4/1870451655/O1CN01v5f3AD1O62EqVPl5K_!!1870451655.jpg_430x430q90.jpg^女士连衣裙^女装|气质通勤|优雅时尚|简约大气|修饰身材
352021^Prada/普拉达女士再生尼龙华达呢围裙式连衣裙^1128,640,304^B00EEUIFEK^https://img.alicdn.com/imgextra/i3/2207289125344/O1CN01jlVHwH1pLbHsqiYq3_!!0-item_pic.jpg_430x430q90.jpg^女士连衣裙^女装|设计创新|高级材质|prada
353799^商场同款迪赛尼斯2022春季新款时尚中袖格子手收腰西装连衣裙女士^832,723,396^B0012UM1TU^https://img.alicdn.com/imgextra/https://img.alicdn.com/imgextra/i3/754742177/O1CN01rGqHdf1Rx6yj0aRmr_!!754742177.jpg_430x430q90.jpg^女士连衣裙^女装|手感柔软柔肤|触感好|易打理
365357^【商场同款】太平鸟女士时尚2022年新款印花连衣裙A1FAC2C65^832,665,566^B0036FU6FU^https://img.alicdn.com/imgextra/i2/112394247/O1CN01hjksD31hFAq6iIa2q_!!0-item_pic.jpg_430x430q90.jpg^女士连衣裙^女装|复古|印花|宽松舒适
367460^ELAND衣恋2022春夏新款女士简约风方领设计小清新碎花连衣裙^1128,640,304^B00CBRGTJQ^https://img.alicdn.com/imgextra/https://img.alicdn.com/imgextra/i4/1770528988/O1CN01xnulZF2GGYakGF3fb_!!1770528988.jpg_430x430q90.jpg^女士连衣裙^女装|用司马克设计收腰|显瘦|穿着舒适
371783^COACH/蔻驰奥莱女士风衣连衣裙时尚潮流^832,476,739^B008JAF6HA^https://img.alicdn.com/imgextra/i2/2207644932146/O1CN01Y9QSAB1RiuhuirvYR_!!2207644932146.jpg_430x430q90.jpg^女士连衣裙^女装|商场同款|时尚清新|气质收腰|飘逸凉爽
379243^森马连衣裙女士学院风翻领小黑裙娃娃领长袖裙子收腰显瘦小个子^832,1101,1116^B00116OYMW^https://img.alicdn.com/imgextra/i2/397341302/O1CN01YPbD0M1LUMNavNGxB_!!397341302.jpg_430x430q90.jpg^女士连衣裙^女装|气质小黑裙|大翻领可脱卸搭配场合变换着装
383502^【Bergere乔亚女士】 古董爱德华时代 刺绣连衣裙^832,665,170^B00DFXFU4U^https://gd1.alicdn.com/imgextra/i1/2213018902881/O1CN01jp9ca51X9XnvWhC1H_!!2213018902881.jpg_400x400.jpg^女士连衣裙^女装|流行新品|宽松舒适
387693^BALENCIAGA巴黎世家22夏季新品DESTROYED女士休闲短袖T恤^832,1101,1086^B0083DP0CY^https://img.alicdn.com/imgextra/i4/2207863144496/O1CN017TN41r1j5DSaaaQTO_!!2207863144496.jpg_430x430q90.jpg^女士短袖^女装|流行新品|用料讲究|印花|巴黎世家
406697^Gukoo/果壳短袖t恤女夏季宽松纯棉女士上衣ins风女装t恤^911,572,822^B0019C9KMC^https://img.alicdn.com/imgextra/i4/1740722198/O1CN01WSodxA1S6jIkMUXjn_!!0-item_pic.jpg_430x430q90.jpg^女士短袖^女装|宽松舒适|性价比高
407523^EVISU 2022年春夏新款 女士家花印花短袖t恤2ESHTW2TS607BFCT^832,552,115^B00358C4WG^https://img.alicdn.com/imgextra/i1/1650429497/O1CN01352fvN2K1gBhTd5SN_!!0-item_pic.jpg_430x430q90.jpg^女士短袖^女装|家花印花|宽松舒适|发货速度快
407816^【直营】KENZO 高田贤三 女士棉质字母印花T恤 FB6 4SJ短袖时尚^832,1101,921^B0041D9R8S^https://img.alicdn.com/imgextra/i2/2200657715182/O1CN01XSonG11o9P7eNHnPZ_!!2200657715182-0-tmgimage.jpg_430x430q90.jpg^女士短袖^女装|拼接色|纯棉|法国品牌
410608^雪中飞春季新款ins潮牌休闲运动圆领宽松女士短袖T恤^933,833,743^B0010M577S^https://img.alicdn.com/imgextra/i1/407916093/O1CN01xjC9ji1usdyYjvRdf_!!0-item_pic.jpg_430x430q90.jpg^女士短袖^女装|修身|纯棉
410716^卡其风衣女中长款2022春季新款韩版流行收腰显瘦过膝长款女士外套^832,1101,921^B0011685PY^https://img.alicdn.com/imgextra/i1/2121501239/O1CN01OisJ2G1L1VNm30mbh_!!2121501239.jpg_430x430q90.jpg^女士风衣^女装|春季新款|修身|纯棉
425715^[Final Sale]Alexander Wang女士束腰排扣风衣FARFETCH发发奇^832,519,599^B00CSJ79QO^https://img.alicdn.com/imgextra/i1/2209684858033/O1CN01bC7Dgb29DAJGYmnk7_!!2209684858033.jpg_430x430q90.jpg^女士风衣^女装|束腰|创新与运行元素结合|英国品牌
437230^2022春季新款风衣外套女小个子卡其ins英伦风女士春秋季过膝外套^832,519,1^B001J0083Y^https://img.alicdn.com/imgextra/i2/2121501239/O1CN01WIOWGq1L1VJPOzpqk_!!2121501239.jpg_430x430q90.jpg^女士风衣^女装|春季新款|性价比高
438242^女士宽松外套学生2022新款女装韩版宽松小个子外衣英伦风风衣薄款^1057,439,1064^B004KJE3OG^https://img.alicdn.com/imgextra/i3/2121501239/O1CN0106Ru2s1L1VO2a5AWN_!!2121501239.jpg_430x430q90.jpg^女士风衣^女装|韩版潮流|休闲时尚|宽松舒适|收腰显瘦|性价比高
442300^早春装2022年新款小西装外套女士职业早秋上衣秋季高级感休闲女装^832,519,599^B0011BTNSM^https://img.alicdn.com/imgextra/i4/1017183566/O1CN01zEAQyS1cDH6oYSvIJ_!!0-item_pic.jpg_430x430q90.jpg^女士休闲装^女装|港味复古|修身显瘦|性价比高
442353^dza 短款休闲外套女士新款春秋季棒球服宽松工装夹克运动百搭上衣^832,519,1^B0011BZQRO^https://img.alicdn.com/imgextra/https://img.alicdn.com/imgextra/i2/3475851941/O1CN01fNiHS81QD1Slyoqrt_!!3475851941.jpg_430x430q90.jpg^女士休闲装^女装|纯棉舒适|短款百搭
443787^森马西装外套女春季新款职场通勤纯色宽松女士早春休闲西服高级感^222,397,248^B002OL1Q4C^https://img.alicdn.com/imgextra/https://img.alicdn.com/imgextra/i3/397341302/O1CN01KTEkIL1LUML5Fm3U1-397341302.jpg_430x430q90.jpg^女士休闲装^女装|宽松版型|清凉透气|性价比高
457976^韩潮袭人连帽拼接格子开衫女士短外套2022春装新款休闲百搭棒球服^832,723,586^B00116TMWE^https://img.alicdn.com/imgextra/i2/508110693/O1CN01FhtCo51GzRDbEQMxw_!!508110693.jpg_430x430q90.jpg^女士休闲装^女装|春季新品|休闲百搭|发货速度快
459600^雪中飞2022春季新品潮流女装可脱卸帽长款加大廓形保暖防寒羽绒服^832,665,285^B00264G2IW^https://img.alicdn.com/imgextra/i1/407916093/O1CN01di1HTC1usdu8KGVLM_!!407916093.jpg_430x430q90.jpg^女士羽绒服^女装|灰鸭绒|中长款|舒适保暖|雪中飞
460360^乔丹运动羽绒服女2022春季新款女士短款加厚保暖休闲保暖运动外套^933,217,224^B004323XTQ^https://img.alicdn.com/imgextra/https://img.alicdn.com/imgextra/i2/458694874/O1CN01Pxhisk1lsL8WIU7Bf_!!458694874.jpg_430x430q90.jpg^女士羽绒服^女装|面料抗静电处理|高领设计|宽松版型
469516^冬季羽绒棉衣棉服女士韩版外套2021新款中长款过膝棉袄冬装面包服^832,1101,921^B001IXR5GK^https://img.alicdn.com/imgextra/https://img.alicdn.com/imgextra/i2/2204226753492/O1CN016AvY5R1bfNlsh31Cg_!!2204226753492.jpg_430x430q90.jpg^女士羽绒服^女装|宽松加厚|过膝中长款|时尚韩版|性价比高
470839^雪中飞2021秋冬新款灯芯绒撞色个性女士立领潮流时尚短款羽绒服^832,519,402^B003SLE38I^https://img.alicdn.com/imgextra/https://img.alicdn.com/imgextra/i2/407916093/O1CN01c72FCa1usdpzZC7gb_!!407916093.jpg_430x430q90.jpg^女士羽绒服^女装|灯芯绒|舒适保暖
473113^2022秋冬新款修身棉衣女中长款羽绒棉服保暖女士棉袄轻薄立领外套^832,552,892^B00GLJG7R4^https://gd3.alicdn.com/imgextra/i3/2211733552094/O1CN01aTdAiU1RL66aPce1o_!!2211733552094.jpg_400x400.jpg^女士羽绒服^女装|轻薄|修身|性价比极高
474201^【直营】加拿大鹅 迷彩灰色女士羽绒服^832,665,45^B0011C57ZE^https://img.alicdn.com/imgextra/i3/2209243401618/O1CN01DoC2Za1Np5Vy9bC6E_!!2209243401618-0-scmitem1000.jpg_430x430q90.jpg^女士羽绒服^女装|白鸭绒|保暖舒适|加拿大品牌
474853^白灰色运动裤女裤夏季薄款2022新款宽松束脚哈伦裤春秋休闲卫裤子^916,416,255^B001LK780S^https://img.alicdn.com/imgextra/https://img.alicdn.com/imgextra/i4/3975097370/O1CN01yCoO8524JVkLXrlOt_!!3975097370.jpg_430x430q90.jpg^女士休闲裤^女装|轻薄|百搭|性价比高
487126^毛呢裤子女士春装2022年新款直筒显瘦休闲裤九分西装裤加厚烟管裤^832,519,599^B007STGNDO^https://img.alicdn.com/imgextra/i2/3165469880/O1CN01Ol5u0P2Mr5jznfN4I_!!3165469880-0-lubanu-s.jpg_430x430q90.jpg^女士休闲裤^女装|直筒裤|宽松|修身
489369^坑条纹阔腿裤女士夏薄款高腰宽松直筒冰丝休闲裤垂感抗皱拖地裤子^832,1101,1116^B001168O1O^https://img.alicdn.com/imgextra/https://img.alicdn.com/imgextra/i3/3622355000/O1CN01JEeg9m1mo34Z4xWdE_!!3622355000.jpg_430x430q90.jpg^女士休闲裤^女装|阔腿裤|舒适透气|性价比高
492579^商场同款迪赛尼斯2022春季新款时尚气质高腰奶茶色九分休闲裤女士^832,1101,1086^B007ZZ9FQ8^https://img.alicdn.com/imgextra/https://img.alicdn.com/imgextra/i4/754742177/O1CN01nPoBmo1Rx6ynQIXLy_!!754742177.jpg_430x430q90.jpg^女士休闲裤^女装|直筒裤|用料讲究|舒适透气
499898^黑色运动裤子女外穿宽松束脚2022新款春秋哈伦裤显瘦纯棉休闲卫裤^832,519,599^B00116TCX8^https://img.alicdn.com/imgextra/https://img.alicdn.com/imgextra/i3/4024127514/O1CN01zao4re25NSkbJ2ibT_!!4024127514.jpg_430x430q90.jpg^女士休闲裤^女装|灯笼裤|显瘦|偏运动风
501559^SWAGAL女装纯色宽松抽绳街头欧美风女士棉布直筒休闲运动卫裤长裤^1057,439,736^B004XKWWEK^https://gd2.alicdn.com/imgextra/i4/910469057/O1CN01YmpQNc2Gm9t305UIz_!!910469057.jpg_400x400.jpg^女士休闲裤^女装|流行新品|偏运动风|性价比较高
505556^雅思诚直筒牛仔裤女高腰2022年春夏新款裤子正品长裤宽松显瘦女裤^486,487,706^B001XCVEQ8^https://img.alicdn.com/imgextra/i3/232221537/O1CN01tHofrm1NDzSAOpMKU_!!232221537.jpg_400x400.jpg^女士牛仔裤^女装|轻薄|宽松|显瘦
507644^BALENCIAGA巴黎世家CROPPED女士弹力喇叭牛仔长裤^832,519,1^B00515JQYK^https://img.alicdn.com/imgextra/i3/2207863144496/O1CN01uGhs2B1j5DS0wZes5_!!0-item_pic.jpg_430x430q90.jpg^女士牛仔裤^女装|纯棉|用料讲究|巴黎世家
508447^【复刻90系列】CK Jeans22春夏女士高腰直筒砂土色牛仔裤J219157^832,519,402^B006GK1B0G^https://img.alicdn.com/imgextra/i2/2217893634/O1CN012REW3Y1ciQ2yeTPKU_!!2217893634.jpg_430x430q90.jpg^女士牛仔裤^女装|直筒裤|用料讲究|CK
511015^浅色直筒牛仔裤女弹力显瘦高腰2022年新款修身女士高个子烟管裤子^832,723,221^B0011CML4Y^https://img.alicdn.com/imgextra/https://img.alicdn.com/imgextra/i2/3482819483/O1CN01jWeUTc2JvGcziWhr2_!!3482819483.jpg_430x430q90.jpg^女士牛仔裤^女装|直筒裤|高腰显瘦|时尚百搭
517740^不退不换亏清买到赚到个性女士舒适高腰牛仔裤^832,519,402^B005MM1VGI^https://gd4.alicdn.com/imgextra/i4/3203038624/O1CN015cZxLu2DZqPAOPkEB_!!3203038624.jpg_400x400.jpg^女士牛仔裤^女装|直筒裤|性价比高
520943^罗蒙女士牛仔裤2022春季新款时尚休闲阔腿裤高腰直筒裤潮流九分裤^571,165^B0011BQILW^https://img.alicdn.com/imgextra/https://img.alicdn.com/imgextra/i2/688058032/O1CN01lAuUIk29ChwfTKAkk_!!688058032.jpg_430x430q90.jpg^女士牛仔裤^女装|阔脚裤|时尚休闲|高腰直筒
